ASIN,Title,Description,Categories
B09G9FPHY6,"Apple iPad (9th Generation)","Powerful. Easy to use. Versatile. The new iPad has a beautiful 10.2-inch Retina display, powerful A13 Bionic chip, an Ultra Wide front camera with Center Stage, and works with Apple Pencil and the Smart Keyboard. iPad lets you do more, more easily. All for an incredible value.",Electronics
B0863TXGM3,"Sony WH-1000XM4 Wireless Headphones","Sony's intelligent industry-leading noise canceling headphones with premium sound elevate your listening experience with the ability to personalize and control everything you hear. Get up to 30 hours of battery life with quick charging capabilities.",Electronics
B07S395RWD,"Logitech MX Master 3 Mouse","Mx master 3 is the most advanced master series mouse yet. Designed for designers and engineered for coders with electromagnetic scroll wheel and app-specific customizations.",Electronics
B08N5KWB9H,"2020 Apple MacBook Air","Apple's thinnest and lightest notebook with M1 chip, 8-core CPU, up to 8-core GPU, and 16-core Neural Engine. Silent, fanless design with up to 18 hours battery life.",Electronics
B09V3HN1KC,"Apple iPad Air (5th Generation)","iPad Air with 10.9-inch Liquid Retina display, M1 chip, Touch ID, advanced cameras, USB-C, and support for Magic Keyboard and Apple Pencil.",Electronics
B07G9XZ83W,"TCL 32S325 32 Inch 720p Roku Smart LED TV (2019)","A full high definition display paired with an advanced refresh rate, and dual-band Wi-Fi allows you to capture every moment. With a sleek, modern design it looks great whether it is off or on. No more flipping through inputs or wading through complicated menus. Like apps on a smartphone, all your favorites are at your fingertips from the instant you turn it on.",Electronics
B08J6F174Z,"ASUS ROG STRIX NVIDIA GeForce RTX 3080 OC Edition Gaming Graphics Card","The ROG STRIX GeForce RTX 3080 features impressive Ampere chips from NVIDIA, with improved fan layout and specialized cooling system. Perfect for high-end gaming and graphics work.",Electronics
B09B9RRWST,"Apple Watch Series 7 (GPS, 45mm) - Midnight Aluminum Case","Latest Apple Watch with larger display, faster charging, and enhanced durability. Features include blood oxygen monitoring, ECG, and advanced fitness tracking.",Electronics
B09DG9BVKR,"Sony PlayStation 5 Digital Edition","Next-gen gaming console with digital-only format, featuring ultra-high-speed SSD, ray tracing, 4K graphics, and immersive 3D audio.",Electronics
B09BVGF1YY,"Bose QuietComfort Earbuds II - Midnight Blue","Premium wireless earbuds with advanced noise cancellation and superior sound quality. Features include CustomTune technology and touch controls.",Electronics
B09LQHZP9N,"Dell XPS 17 9710 Laptop, 17" 4K UHD+","Premium laptop with large 4K display and RTX graphics. Perfect for content creation and professional work.",Electronics
B09BZRMJL5,"LG C2 65-inch OLED evo 4K Smart TV","Latest OLED TV with improved brightness and stunning picture quality. Features AI-powered processing and gaming features.",Electronics
B09Q9338VT,"Samsung Galaxy S23 Ultra 5G (512GB)","Latest Samsung flagship with 200MP camera and advanced S Pen features. Perfect for productivity and photography.",Electronics
B09NQPZN3X,"Microsoft Surface Laptop Studio","Versatile laptop with unique form factor for creators. Features powerful Intel processors and NVIDIA graphics.",Electronics
B09Q8WQBDB,"Google Pixel 7 Pro (256GB, Hazel)","Google's latest flagship with enhanced AI capabilities and improved camera system.",Electronics
B09NRXGS7Q,"Sony WH-1000XM5 - Silver","Premium noise-cancelling headphones with improved audio quality and smart features.",Electronics
B09JQKBQXK,"Apple MacBook Pro 16-inch M1 Max","Most powerful MacBook with M1 Max chip, featuring exceptional performance and battery life.",Electronics
B09LHYC4BR,"Samsung QN900B Neo QLED 8K TV","Premium 8K TV with cutting-edge display technology and AI-powered processing.",Electronics
B09NRMFBXQ,"Bose Smart Soundbar 900","Premium soundbar with Dolby Atmos and voice control capabilities.",Electronics
B09P1DRQT9,"Logitech MX Mechanical Keyboard","Professional mechanical keyboard with wireless connectivity and customizable features.",Electronics
B09NQGDZ9X,"Sony A7S III Full-Frame Camera","Professional mirrorless camera optimized for low-light and video performance.",Electronics
B09P5F9H7K,"Apple Studio Display","5K Retina display with advanced camera and audio system for professionals.",Electronics
B09LHXFX4R,"Dell Alienware x17 R2 Gaming Laptop","High-end gaming laptop with latest Intel processors and RTX graphics.",Electronics
B09NQH1ZJ8,"LG GX 83-inch 4K OLED TV","Gallery design OLED TV with professional calibration features.",Electronics
B09P5G9GVN,"Samsung Galaxy Tab S8 Ultra","Premium Android tablet with large display and S Pen support.",Electronics
B09RQGWDTK,"Canon EOS R5 Full-Frame Mirrorless Camera","Professional mirrorless camera with 8K video and advanced autofocus.",Electronics
B09RQHZP9M,"Razer Blade 17 Gaming Laptop","Premium gaming laptop with RTX graphics and high refresh rate display.",Electronics
B09NQGDZ9Y,"ASUS ROG Swift PG32UQX Gaming Monitor","Professional gaming monitor with Mini LED technology and 4K resolution.",Electronics
B09P5F9H7L,"Corsair K100 RGB Mechanical Gaming Keyboard","Premium mechanical keyboard with wireless connectivity and customizable features.",Electronics
B09LHXFX4S,"Logitech G Pro X Superlight Wireless Mouse","Ultra-lightweight gaming mouse with HERO sensor and long battery life.",Electronics
B09NQH1ZJ9,"Elgato Stream Deck MK.2","Customizable control panel for content creators and streamers.",Electronics
B09P5G9GVM,"Rode VideoMic Pro+ Shotgun Microphone","Professional on-camera microphone with digital switching.",Electronics
B09RQGWDTL,"SteelSeries Arctis Pro Wireless Gaming Headset","Premium gaming headset with dual-wireless technology and Hi-Res audio.",Electronics
B09RQHZP9N,"Wacom Cintiq Pro 24 Creative Pen Display","Professional drawing tablet with 4K resolution and Pro Pen 2.",Electronics
B09NQGDZ9Z,"Synology DiskStation DS920+ NAS","Network storage device with powerful processor and expandable memory.",Electronics
B09P5F9H7M,"Netgear Orbi WiFi 6E Mesh System","Tri-band mesh WiFi system with latest 6E technology.",Electronics
B09LHXFX4T,"Anker 747 Power Bank","High-capacity portable charger with fast charging capabilities.",Electronics
B09NQH1ZK1,"Jabra Elite 85t True Wireless Earbuds","Advanced wireless earbuds with adjustable noise cancellation.",Electronics
B09P5G9GVP,"Fitbit Sense 2 Advanced Smartwatch","Health-focused smartwatch with advanced sensors and tracking.",Electronics
B09RQGWDTM,"GoPro HERO11 Black","Latest action camera with improved stabilization and 5.3K video.",Electronics
B09RQHZP9P,"DJI Mini 3 Pro Drone","Compact drone with 4K camera and obstacle avoidance.",Electronics
B09NQGDZA1,"Philips Hue Play HDMI Sync Box","Smart lighting sync box for immersive entertainment.",Electronics
B09P5F9H7N,"Sonos Arc Premium Smart Soundbar","Premium soundbar with Dolby Atmos and voice assistant support.",Electronics
B09LHXFX4U,"Samsung 980 PRO 2TB NVMe SSD","High-performance PCIe 4.0 SSD for gaming and content creation.",Electronics
B09NQH1ZK2,"Logitech Brio 4K Webcam","Professional webcam with 4K resolution and HDR support.",Electronics
B09P5G9GVQ,"Elgato Facecam","Premium webcam designed for content creators.",Electronics
B09RQGWDTN,"Keychron Q1 Pro Mechanical Keyboard","Customizable mechanical keyboard with wireless connectivity.",Electronics
B09RQHZP9Q,"Sennheiser HD 660S2 Headphones","Audiophile-grade open-back headphones for critical listening.",Electronics
B09NQGDZA2,"ASUS ZenScreen MB16ACV Portable Monitor","Portable USB-C monitor for productivity on the go.",Electronics
B09P5F9H7P,"Crucial P5 Plus 2TB NVMe SSD","High-performance PCIe 4.0 SSD for system upgrades.",Electronics
B09LHXFX4V,"Logitech StreamCam","Premium webcam with smart features for content creators.",Electronics
B09NQH1ZK3,"Razer Seiren V2 Pro USB Microphone","Professional USB microphone for streaming and recording.",Electronics
B09P5G9GVR,"Elgato Wave:3 Premium USB Microphone","High-end USB microphone with digital mixing capabilities.",Electronics
B079Y45KTJ,"Canon EOS M50 Mirrorless Vlogging Camera Kit with EF-M 15-45mm Lens, Black","The EOS M50 is a compact interchangeable lens camera for aspiring photographers looking for an easy way to boost the quality of their photos and videos. With clear, high-resolution 4K UHD 24p video, you can capture the incredible details and cinematic moments of your life at home or wherever your adventures take you. Snap vibrant, eye-catching photos with a 24.1 Megapixel (APS-C) CMOS Sensor using the built-in Electronic Viewfinder or Vari-angle Touchscreen LCD. Thanks to the fast and improved Dual Pixel CMOS Autofocus system, you can quickly lock focus on your subject to make sure you don't miss the action. See how the EOS M50 can easily deliver the high-quality photos and videos you've always imagined.",Electronics
B0101SRIKU,"Canon EOS M50 Mirrorless Video Creator Kit with EF-M 15-45mm Lens, Rode VIDEOMIC GO Microphone, and Memory Card, Black","Canon believes in your passion, creativity and art. Your voice and vision, seen and heard however you want. The Video Creator Kit gives you the tools to make your dreams into reality. The EOS M50 is a compact interchangeable lens camera for aspiring photographers looking for an easy way to boost the quality of their photos and videos. With clear, high-resolution 4K UHD 24p video, you can capture the incredible details and cinematic moments of your life at home or wherever your adventures take you. Snap vibrant, eye-catching photos with a 24.1 Megapixel (APS-C) CMOS Sensor using the built-in Electronic Viewfinder or Vari-angle Touchscreen LCD. Thanks to the fast and improved Dual Pixel CMOS Autofocus system, you can quickly lock focus on your subject to make sure you don't miss the action. See how the EOS M50 can easily deliver the high-quality photos and videos you've always imagined.",Electronics
B07D5V2ZW1,"Atomic Habits","No matter your goals, Atomic Habits offers a proven framework for improving every day. James Clear reveals practical strategies for habit formation and achieving remarkable results.",Books
B07ZPKN6YR,"The Psychology of Success","This comprehensive guide explores psychological principles behind success and personal growth. Learn to develop a growth mindset and achieve your goals.",Books
B09NQPZN3Y,"The Art of Programming","A deep dive into programming concepts, best practices, and advanced techniques. Perfect for both beginners and experienced developers.",Books
B09Q9338VU,"Digital Marketing Mastery","Master digital marketing with this comprehensive guide covering SEO, social media marketing, content strategy, and analytics.",Books
B09LQHZP9O,"The Future of Technology","Explore cutting-edge developments in technology and their impact on society, from AI to quantum computing.",Books
B09RQGWDTK,"Nike Air Zoom Pegasus 39","Premium running shoes with responsive Zoom Air cushioning, engineered mesh upper, and durable rubber outsole for optimal performance.",Sports & Outdoors
B09RQHZP9M,"Adidas Ultraboost 22","Innovative running shoes with Boost cushioning, Primeknit+ upper, and Continental™ Rubber outsole for superior energy return.",Sports & Outdoors
B09NQGDZ9Y,"Under Armour HOVR Phantom 3","Advanced running shoes with HOVR technology and compression mesh Energy Web for maximum comfort and performance.",Sports & Outdoors
B09P5F9H7L,"Brooks Ghost 14","Versatile running shoes with DNA LOFT cushioning and engineered mesh upper for smooth transitions.",Sports & Outdoors
B09LHXFX4S,"New Balance Fresh Foam 1080v11","Premium running shoes with Fresh Foam midsole and engineered knit upper for optimal comfort and support.",Sports & Outdoors
B09NQH1ZJ9,"ASICS Gel-Nimbus 24 Running Shoes","Advanced running shoes featuring GEL technology, FlyteFoam midsole, and engineered mesh upper for superior cushioning and comfort.",Sports & Outdoors
B09P5G9GVM,"Hoka One One Clifton 8 Running Shoes","Lightweight running shoes with Meta-Rocker geometry, EVA midsole, and engineered mesh upper for smooth transitions and comfort.",Sports & Outdoors
B09RQGWDTL,"Saucony Endorphin Speed 3 Running Shoes","Performance running shoes with PWRRUN PB cushioning, SPEEDROLL technology, and FORMFIT upper for optimal energy return.",Sports & Outdoors
B09RQHZP9N,"Mizuno Wave Rider 26 Running Shoes","Versatile running shoes with U4ic midsole, Wave technology, and engineered mesh upper for responsive cushioning and comfort.",Sports & Outdoors
B09NQGDZ9Z,"Salomon Speedcross 5 Trail Running Shoes","Trail running shoes with Contagrip MA outsole, Quicklace system, and protective toe cap for technical terrain.",Sports & Outdoors
B09P5F9H7M,"Merrell Moab 3 Hiking Boots","Durable hiking boots with Vibram TC5+ outsole, M-Select GRIP, and waterproof membrane for all-terrain performance.",Sports & Outdoors
B09LHXFX4T,"Columbia Montrail Trail Running Shoes","Trail running shoes with FluidFoam midsole, Techlite cushioning, and Omni-Grip outsole for technical trails.",Sports & Outdoors
B09NQH1ZK1,"La Sportiva Spire GTX Hiking Boots","Waterproof hiking boots with Vibram Megagrip outsole, Gore-Tex membrane, and durable leather upper for challenging terrain.",Sports & Outdoors
B09P5G9GVP,"Oboz Sawtooth X Low Hiking Shoes","Versatile hiking shoes with O FIT insole, Granite Peak outsole, and breathable mesh upper for day hikes.",Sports & Outdoors
B09RQGWDTM,"Vasque St. Elias GTX Hiking Boots","Premium hiking boots with Vibram Megagrip outsole, Gore-Tex membrane, and full-grain leather upper for backpacking.",Sports & Outdoors
B09RQHZP9P,"Keen Targhee III Waterproof Hiking Shoes","Waterproof hiking shoes with Keen.Dry membrane, all-terrain rubber outsole, and breathable mesh upper for versatile performance.",Sports & Outdoors
B09NQGDZA1,"Scarpa Zodiac Plus GTX Hiking Boots","Technical hiking boots with Vibram Megagrip outsole, Gore-Tex Performance Comfort, and suede leather upper for alpine terrain.",Sports & Outdoors
B09P5F9H7N,"Salomon X Ultra 4 GTX Hiking Shoes","Waterproof hiking shoes with Contagrip MA outsole, Advanced Chassis, and Quicklace system for technical trails.",Sports & Outdoors
B09LHXFX4U,"Merrell Moab 2 Ventilator Hiking Shoes","Breathable hiking shoes with Vibram TC5+ outsole, M-Select FRESH, and mesh upper for warm weather performance.",Sports & Outdoors
B09NQH1ZK2,"Oboz Bridger Mid Waterproof Hiking Boots","Waterproof hiking boots with O FIT insole, Granite Peak outsole, and breathable mesh upper for all-season performance.",Sports & Outdoors
B09P5G9GVQ,"La Sportiva Trango TRK GTX Hiking Boots","Lightweight hiking boots with Vibram Megagrip outsole, Gore-Tex Performance Comfort, and synthetic upper for fastpacking.",Sports & Outdoors
B09RQGWDTN,"Vasque Breeze III GTX Hiking Boots","Women's hiking boots with Vibram Megagrip outsole, Gore-Tex membrane, and full-grain leather upper for day hikes.",Sports & Outdoors
B09RQHZP9Q,"Keen Durand II Mid Waterproof Hiking Boots","Waterproof hiking boots with Keen.Dry membrane, all-terrain rubber outsole, and breathable mesh upper for versatile performance.",Sports & Outdoors
B09NQGDZA2,"Scarpa Kinesis Pro GTX Hiking Boots","Technical hiking boots with Vibram Megagrip outsole, Gore-Tex Performance Comfort, and full-grain leather upper for challenging terrain.",Sports & Outdoors
B09P5F9H7P,"Salomon Quest 4 GTX Hiking Boots","Premium hiking boots with Contagrip MA outsole, Advanced Chassis, and Quicklace system for backpacking.",Sports & Outdoors
B09LHXFX4V,"Merrell Moab 3 Mid Waterproof Hiking Boots","Waterproof hiking boots with Vibram TC5+ outsole, M-Select GRIP, and breathable mesh upper for all-season performance.",Sports & Outdoors
B09NQH1ZK3,"Oboz Sawtooth X Mid Waterproof Hiking Boots","Waterproof hiking boots with O FIT insole, Granite Peak outsole, and breathable mesh upper for technical trails.",Sports & Outdoors
B09P5G9GVR,"La Sportiva Spire GTX Hiking Shoes","Waterproof hiking shoes with Vibram Megagrip outsole, Gore-Tex membrane, and durable leather upper for versatile performance.",Sports & Outdoors
B09RQGWDTK,"Vasque St. Elias GTX Hiking Boots","Premium hiking boots with Vibram Megagrip outsole, Gore-Tex membrane, and full-grain leather upper for challenging terrain.",Sports & Outdoors
B09RQHZP9M,"Keen Targhee III Mid Waterproof Hiking Boots","Waterproof hiking boots with Keen.Dry membrane, all-terrain rubber outsole, and breathable mesh upper for day hikes.",Sports & Outdoors
B09NQGDZ9Y,"Scarpa Zodiac Plus GTX Hiking Boots","Technical hiking boots with Vibram Megagrip outsole, Gore-Tex Performance Comfort, and suede leather upper for alpine terrain.",Sports & Outdoors
B09P5F9H7L,"Salomon X Ultra 4 Mid GTX Hiking Boots","Waterproof hiking boots with Contagrip MA outsole, Advanced Chassis, and Quicklace system for technical trails.",Sports & Outdoors
B09LHXFX4S,"Merrell Moab 3 Ventilator Hiking Shoes","Breathable hiking shoes with Vibram TC5+ outsole, M-Select FRESH, and mesh upper for warm weather performance.",Sports & Outdoors
B09NQH1ZJ9,"Oboz Bridger Low Waterproof Hiking Shoes","Waterproof hiking shoes with O FIT insole, Granite Peak outsole, and breathable mesh upper for all-season performance.",Sports & Outdoors
B09P5G9GVM,"La Sportiva Trango TRK GTX Hiking Shoes","Lightweight hiking shoes with Vibram Megagrip outsole, Gore-Tex Performance Comfort, and synthetic upper for fastpacking.",Sports & Outdoors
B09RQGWDTL,"Vasque Breeze III GTX Hiking Shoes","Women's hiking shoes with Vibram Megagrip outsole, Gore-Tex membrane, and full-grain leather upper for day hikes.",Sports & Outdoors
B09RQHZP9N,"Keen Durand II Waterproof Hiking Shoes","Waterproof hiking shoes with Keen.Dry membrane, all-terrain rubber outsole, and breathable mesh upper for versatile performance.",Sports & Outdoors
B09NQGDZ9Z,"Scarpa Kinesis Pro GTX Hiking Shoes","Technical hiking shoes with Vibram Megagrip outsole, Gore-Tex Performance Comfort, and full-grain leather upper for challenging terrain.",Sports & Outdoors
B09P5F9H7M,"Salomon Quest 4 GTX Hiking Shoes","Premium hiking shoes with Contagrip MA outsole, Advanced Chassis, and Quicklace system for backpacking.",Sports & Outdoors
B09LHXFX4T,"Merrell Moab 3 Waterproof Hiking Shoes","Waterproof hiking shoes with Vibram TC5+ outsole, M-Select GRIP, and breathable mesh upper for all-season performance.",Sports & Outdoors
B09NQH1ZK1,"Oboz Sawtooth X Waterproof Hiking Shoes","Waterproof hiking shoes with O FIT insole, Granite Peak outsole, and breathable mesh upper for technical trails.",Sports & Outdoors
B09P5G9GVP,"La Sportiva Spire GTX Hiking Boots","Waterproof hiking boots with Vibram Megagrip outsole, Gore-Tex membrane, and durable leather upper for versatile performance.",Sports & Outdoors
B09RQGWDTM,"Vasque St. Elias GTX Hiking Shoes","Premium hiking shoes with Vibram Megagrip outsole, Gore-Tex membrane, and full-grain leather upper for challenging terrain.",Sports & Outdoors
B09RQHZP9P,"Keen Targhee III Waterproof Hiking Boots","Waterproof hiking boots with Keen.Dry membrane, all-terrain rubber outsole, and breathable mesh upper for day hikes.",Sports & Outdoors
B09NQGDZA1,"Scarpa Zodiac Plus GTX Hiking Shoes","Technical hiking shoes with Vibram Megagrip outsole, Gore-Tex Performance Comfort, and suede leather upper for alpine terrain.",Sports & Outdoors
B09P5F9H7N,"Salomon X Ultra 4 GTX Hiking Boots","Waterproof hiking boots with Contagrip MA outsole, Advanced Chassis, and Quicklace system for technical trails.",Sports & Outdoors
B09LHXFX4U,"Merrell Moab 3 Mid Ventilator Hiking Boots","Breathable hiking boots with Vibram TC5+ outsole, M-Select FRESH, and mesh upper for warm weather performance.",Sports & Outdoors
B09NQH1ZK2,"Oboz Bridger Mid Waterproof Hiking Boots","Waterproof hiking boots with O FIT insole, Granite Peak outsole, and breathable mesh upper for all-season performance.",Sports & Outdoors
B09P5G9GVQ,"La Sportiva Trango TRK GTX Hiking Boots","Lightweight hiking boots with Vibram Megagrip outsole, Gore-Tex Performance Comfort, and synthetic upper for fastpacking.",Sports & Outdoors
B09RQGWDTN,"Vasque Breeze III GTX Hiking Boots","Women's hiking boots with Vibram Megagrip outsole, Gore-Tex membrane, and full-grain leather upper for day hikes.",Sports & Outdoors
B09RQHZP9Q,"Keen Durand II Mid Waterproof Hiking Boots","Waterproof hiking boots with Keen.Dry membrane, all-terrain rubber outsole, and breathable mesh upper for versatile performance.",Sports & Outdoors
B09NQGDZA2,"Scarpa Kinesis Pro GTX Hiking Boots","Technical hiking boots with Vibram Megagrip outsole, Gore-Tex Performance Comfort, and full-grain leather upper for challenging terrain.",Sports & Outdoors
B09P5F9H7P,"Salomon Quest 4 GTX Hiking Boots","Premium hiking boots with Contagrip MA outsole, Advanced Chassis, and Quicklace system for backpacking.",Sports & Outdoors
B09LHXFX4V,"Merrell Moab 3 Mid Waterproof Hiking Boots","Waterproof hiking boots with Vibram TC5+ outsole, M-Select GRIP, and breathable mesh upper for all-season performance.",Sports & Outdoors
B09NQH1ZK3,"Oboz Sawtooth X Mid Waterproof Hiking Boots","Waterproof hiking boots with O FIT insole, Granite Peak outsole, and breathable mesh upper for technical trails.",Sports & Outdoors
B09P5G9GVR,"La Sportiva Spire GTX Hiking Boots","Waterproof hiking boots with Vibram Megagrip outsole, Gore-Tex membrane, and durable leather upper for versatile performance.",Sports & Outdoors
B09RQGWDTP,"The Science of Everything","A comprehensive exploration of scientific principles and discoveries that shape our understanding of the universe, from quantum mechanics to astrophysics.",Books
B09RQHZP9R,"The Art of Creative Writing","A masterful guide to crafting compelling stories, developing unique characters, and mastering the craft of creative writing.",Books
B09NQGDZA3,"Machine Learning: A Practical Approach","An in-depth guide to machine learning algorithms, implementation techniques, and real-world applications.",Books
B09P5F9H7Q,"The History of Human Civilization","A fascinating journey through human history, exploring major civilizations, cultural developments, and pivotal moments.",Books
B09LHXFX4W,"The Power of Mindfulness","A comprehensive guide to mindfulness meditation, stress reduction, and achieving mental clarity.",Books
B09NQH1ZK4,"The Complete Guide to Financial Freedom","Expert advice on personal finance, investment strategies, and building long-term wealth.",Books
B09P5G9GVS,"The Art of Public Speaking","Master the principles of effective communication, presentation skills, and audience engagement.",Books
B09RQGWDTQ,"The Future of Artificial Intelligence","An exploration of AI technology, its potential impact on society, and future developments.",Books
B09RQHZP9S,"The Psychology of Leadership","Understanding leadership principles, team dynamics, and organizational behavior.",Books
B09NQGDZA4,"The Complete Guide to Digital Photography","Master the art of digital photography, from camera techniques to post-processing.",Books
B09P5F9H7R,"The Science of Nutrition","Evidence-based guide to nutrition, diet planning, and maintaining a healthy lifestyle.",Books
B09LHXFX4X,"The Art of Problem Solving","Develop critical thinking skills and effective problem-solving strategies.",Books
B09NQH1ZK5,"The World of Quantum Physics","An accessible introduction to quantum mechanics and its applications.",Books
B09P5G9GVT,"The Power of Positive Psychology","Understanding happiness, well-being, and techniques for personal growth.",Books
B09RQGWDTR,"The Complete Guide to Web Development","Master modern web development technologies, frameworks, and best practices.",Books
B09RQHZP9T,"The Art of Business Strategy","Strategic planning, market analysis, and business development techniques.",Books
B09NQGDZA5,"The Science of Climate Change","Understanding climate science, environmental impacts, and sustainable solutions.",Books
B09P5F9H7S,"The Psychology of Relationships","Exploring human relationships, communication, and emotional intelligence.",Books
B09LHXFX4Y,"The Complete Guide to Artificial Intelligence","Understanding AI technologies, machine learning, and their applications.",Books
B09NQH1ZK6,"The Art of Digital Marketing","Master digital marketing strategies, social media, and online advertising.",Books
B09RQGWDTU,"Advanced Sports Physiology","A comprehensive guide to human physiology in sports, covering biomechanics, energy systems, and performance optimization techniques.",Books
B09RQHZP9U,"The Science of Athletic Training","Technical manual on sports medicine, injury prevention, and rehabilitation protocols for athletes.",Books
B09NQGDZA6,"Engineering Principles in Sports Equipment","Detailed analysis of materials science, aerodynamics, and structural engineering in sports equipment design.",Books
B09P5F9H7T,"Biomechanics of Human Movement","Advanced textbook on the mechanical principles governing human movement and athletic performance.",Books
B09LHXFX4Z,"Sports Nutrition: Science and Application","Evidence-based guide to nutritional biochemistry, metabolic pathways, and performance enhancement through diet.",Books
B09NQH1ZK7,"The Physics of Sports","Technical exploration of physics principles in sports, from projectile motion to fluid dynamics.",Books
B09P5G9GVU,"Exercise Physiology: Advanced Concepts","In-depth analysis of cellular adaptations, energy metabolism, and physiological responses to training.",Books
B09RQGWDTV,"Sports Psychology: Cognitive Approaches","Technical examination of mental processes, decision-making, and cognitive strategies in athletic performance.",Books
B09RQHZP9V,"The Engineering of Sports Facilities","Comprehensive guide to the design, construction, and maintenance of sports facilities and equipment.",Books
B09NQGDZA7,"Sports Medicine: Clinical Applications","Advanced clinical guide to sports injuries, diagnostic techniques, and treatment protocols.",Books
B09RQGWDTW,"Nike Air Zoom Structure 24","Running shoes with engineered mesh upper, Zoom Air units, and dynamic arch support system for stability and responsiveness.",Sports & Outdoors
B09RQHZP9W,"Adidas Terrex Free Hiker 2","Hiking boots with Continental™ Rubber outsole, Boost midsole, and waterproof GORE-TEX membrane for technical terrain.",Sports & Outdoors
B09NQGDZA8,"Salomon Speedcross 5 GTX","Trail running shoes with Contagrip MA outsole, Quicklace system, and protective toe cap for technical terrain.",Sports & Outdoors
B09P5F9H7U,"Merrell Moab 3 Ventilator","Hiking shoes with Vibram TC5+ outsole, M-Select FRESH technology, and breathable mesh upper for optimal ventilation.",Sports & Outdoors
B09LHXFX5A,"La Sportiva Spire GTX","Hiking boots with Vibram Megagrip outsole, Gore-Tex Performance Comfort membrane, and durable leather upper for challenging terrain.",Sports & Outdoors
B09NQH1ZK8,"Oboz Sawtooth X Low","Hiking shoes with O FIT insole technology, Granite Peak outsole, and breathable mesh upper for technical trails.",Sports & Outdoors
B09P5G9GVV,"Scarpa Zodiac Plus GTX","Technical hiking boots with Vibram Megagrip outsole, Gore-Tex Performance Comfort, and suede leather upper for alpine terrain.",Sports & Outdoors
B09RQGWDTX,"Vasque St. Elias GTX","Premium hiking boots with Vibram Megagrip outsole, Gore-Tex membrane, and full-grain leather upper for challenging terrain.",Sports & Outdoors
B09RQHZP9X,"Keen Targhee III","Waterproof hiking shoes with Keen.Dry membrane, all-terrain rubber outsole, and breathable mesh upper for versatile performance.",Sports & Outdoors
B09NQGDZA9,"Salomon X Ultra 4 GTX","Waterproof hiking shoes with Contagrip MA outsole, Advanced Chassis technology, and Quicklace system for technical trails.",Sports & Outdoors
B09RQGWDTY,"Nike Air Zoom Structure 25","Running shoes featuring engineered mesh upper with targeted zones of flexibility and support, Zoom Air units in the forefoot and heel for responsive cushioning, and a dynamic arch support system with thermoplastic polyurethane (TPU) reinforcement for stability during high-impact activities.",Sports & Outdoors
B09RQHZP9Y,"Adidas Terrex Free Hiker 3","Technical hiking boots with Continental™ Rubber outsole featuring 4mm lugs for superior grip, Boost midsole with EVA cushioning for energy return, and waterproof GORE-TEX Performance Comfort membrane with reinforced toe cap and heel counter for technical terrain.",Sports & Outdoors
B09NQGDZAA,"Salomon Speedcross 6 GTX","Trail running shoes with Contagrip MA compound outsole featuring 5mm lugs for technical terrain, Quicklace system with toggle lock for secure fit, and protective toe cap with rock plate for impact protection on rocky trails.",Sports & Outdoors
B09P5F9H7V,"Merrell Moab 4 Ventilator","Hiking shoes with Vibram TC5+ rubber outsole with 5mm lugs, M-Select FRESH technology with antimicrobial treatment, and engineered mesh upper with TPU overlays for targeted support and ventilation.",Sports & Outdoors
B09LHXFX5B,"La Sportiva Spire GTX 2","Technical hiking boots featuring Vibram Megagrip outsole with 4.5mm lugs, Gore-Tex Performance Comfort membrane with reinforced toe rand, and full-grain leather upper with TPU overlays for durability and support.",Sports & Outdoors
B09NQH1ZK9,"Oboz Sawtooth X Mid","Hiking boots with O FIT insole technology featuring dual-density EVA, Granite Peak outsole with 4mm lugs, and breathable mesh upper with TPU overlays and reinforced toe cap for technical trails.",Sports & Outdoors
B09P5G9GVW,"Scarpa Zodiac Plus GTX 2","Alpine hiking boots with Vibram Megagrip outsole featuring 5mm lugs, Gore-Tex Performance Comfort membrane, and suede leather upper with TPU reinforcements for technical alpine terrain.",Sports & Outdoors
B09RQGWDTZ,"Vasque St. Elias GTX 2","Premium hiking boots with Vibram Megagrip outsole featuring 4.5mm lugs, Gore-Tex membrane with reinforced toe rand, and full-grain leather upper with TPU overlays for challenging terrain.",Sports & Outdoors
B09RQHZP9Z,"Keen Targhee IV","Waterproof hiking shoes with Keen.Dry membrane, all-terrain rubber outsole with 4mm lugs, and breathable mesh upper with TPU overlays and protective toe cap for versatile performance.",Sports & Outdoors
B09NQGDZAB,"Salomon X Ultra 5 GTX","Technical hiking shoes with Contagrip MA outsole featuring 4.5mm lugs, Advanced Chassis technology with rock plate, and Quicklace system with reinforced toe cap for technical trails.",Sports & Outdoors
B09P5F9H7W,"Merrell Moab 4 Mid Ventilator","Breathable hiking boots with Vibram TC5+ outsole featuring 5mm lugs, M-Select FRESH technology, and engineered mesh upper with TPU overlays and reinforced toe cap for warm weather performance.",Sports & Outdoors
B09LHXFX5C,"La Sportiva Trango TRK GTX 2","Lightweight hiking boots with Vibram Megagrip outsole featuring 4mm lugs, Gore-Tex Performance Comfort membrane, and synthetic upper with TPU reinforcements for fastpacking.",Sports & Outdoors
B09NQH1ZKA,"Oboz Bridger Mid GTX","Waterproof hiking boots with O FIT insole technology, Granite Peak outsole featuring 4.5mm lugs, and breathable mesh upper with TPU overlays and reinforced toe cap for all-season performance.",Sports & Outdoors
B09P5G9GVX,"Vasque Breeze IV GTX","Women's hiking boots with Vibram Megagrip outsole featuring 4mm lugs, Gore-Tex membrane, and full-grain leather upper with TPU overlays and reinforced toe cap for day hikes.",Sports & Outdoors
B09RQGWDUA,"Keen Durand III Mid GTX","Waterproof hiking boots with Keen.Dry membrane, all-terrain rubber outsole featuring 4.5mm lugs, and breathable mesh upper with TPU overlays and protective toe cap for versatile performance.",Sports & Outdoors
B09NQGDZAC,"Scarpa Kinesis Pro GTX 2","Technical hiking boots with Vibram Megagrip outsole featuring 5mm lugs, Gore-Tex Performance Comfort membrane, and full-grain leather upper with TPU reinforcements for challenging terrain.",Sports & Outdoors
B09P5F9H7X,"Salomon Quest 5 GTX","Premium hiking boots with Contagrip MA outsole featuring 4.5mm lugs, Advanced Chassis technology with rock plate, and Quicklace system with reinforced toe cap for backpacking.",Sports & Outdoors
B09LHXFX5D,"Merrell Moab 4 Mid GTX","Waterproof hiking boots with Vibram TC5+ outsole featuring 5mm lugs, M-Select GRIP technology, and breathable mesh upper with TPU overlays and reinforced toe cap for all-season performance.",Sports & Outdoors
B09NQH1ZKB,"Oboz Sawtooth X Mid GTX 2","Waterproof hiking boots with O FIT insole technology, Granite Peak outsole featuring 4.5mm lugs, and breathable mesh upper with TPU overlays and reinforced toe cap for technical trails.",Sports & Outdoors
B09P5G9GVY,"La Sportiva Spire GTX 3","Waterproof hiking boots with Vibram Megagrip outsole featuring 5mm lugs, Gore-Tex membrane, and durable leather upper with TPU reinforcements for versatile performance.",Sports & Outdoors
B09RQGWDTV,"The Science of Everything","A comprehensive exploration of scientific principles and discoveries that shape our understanding of the universe, from quantum mechanics to astrophysics.",Books
B09RQHZP9V,"The Engineering of Sports Facilities","Comprehensive guide to the design, construction, and maintenance of sports facilities and equipment.",Books
B09RQGWDTR,"The Complete Guide to Web Development","Master modern web development technologies, frameworks, and best practices.",Books
B09RQHZP9W,"Adidas Terrex Free Hiker 3","Technical hiking boots with Continental™ Rubber outsole featuring 4mm lugs for superior grip, Boost midsole with EVA cushioning for energy return, and waterproof GORE-TEX Performance Comfort membrane with reinforced toe cap and heel counter for technical terrain.",Sports & Outdoors
B09NQGDZAA,"Salomon Speedcross 6 GTX","Trail running shoes with Contagrip MA compound outsole featuring 5mm lugs for technical terrain, Quicklace system with toggle lock for secure fit, and protective toe cap with rock plate for impact protection on rocky trails.",Sports & Outdoors
B09P5F9H7V,"Merrell Moab 4 Ventilator","Hiking shoes with Vibram TC5+ rubber outsole with 5mm lugs, M-Select FRESH technology with antimicrobial treatment, and engineered mesh upper with TPU overlays for targeted support and ventilation.",Sports & Outdoors
B09LHXFX5B,"La Sportiva Spire GTX 2","Technical hiking boots featuring Vibram Megagrip outsole with 4.5mm lugs, Gore-Tex Performance Comfort membrane with reinforced toe rand, and full-grain leather upper with TPU overlays for durability and support.",Sports & Outdoors
B09NQH1ZK9,"Oboz Sawtooth X Mid","Hiking boots with O FIT insole technology featuring dual-density EVA, Granite Peak outsole with 4mm lugs, and breathable mesh upper with TPU overlays and reinforced toe cap for technical trails.",Sports & Outdoors
B09P5G9GVW,"Scarpa Zodiac Plus GTX 2","Alpine hiking boots with Vibram Megagrip outsole featuring 5mm lugs, Gore-Tex Performance Comfort membrane, and suede leather upper with TPU reinforcements for technical alpine terrain.",Sports & Outdoors
B09RQGWDTZ,"Vasque St. Elias GTX 2","Premium hiking boots with Vibram Megagrip outsole featuring 4.5mm lugs, Gore-Tex membrane with reinforced toe rand, and full-grain leather upper with TPU overlays for challenging terrain.",Sports & Outdoors
B09RQHZP9Z,"Keen Targhee IV","Waterproof hiking shoes with Keen.Dry membrane, all-terrain rubber outsole with 4mm lugs, and breathable mesh upper with TPU overlays and protective toe cap for versatile performance.",Sports & Outdoors
B09NQGDZAB,"Salomon X Ultra 5 GTX","Technical hiking shoes with Contagrip MA outsole featuring 4.5mm lugs, Advanced Chassis technology with rock plate, and Quicklace system with reinforced toe cap for technical trails.",Sports & Outdoors
B09P5F9H7W,"Merrell Moab 4 Mid Ventilator","Breathable hiking boots with Vibram TC5+ outsole featuring 5mm lugs, M-Select FRESH technology, and engineered mesh upper with TPU overlays and reinforced toe cap for warm weather performance.",Sports & Outdoors
B09LHXFX5C,"La Sportiva Trango TRK GTX 2","Lightweight hiking boots with Vibram Megagrip outsole featuring 4mm lugs, Gore-Tex Performance Comfort membrane, and synthetic upper with TPU reinforcements for fastpacking.",Sports & Outdoors
B09NQH1ZKA,"Oboz Bridger Mid GTX","Waterproof hiking boots with O FIT insole technology, Granite Peak outsole featuring 4.5mm lugs, and breathable mesh upper with TPU overlays and reinforced toe cap for all-season performance.",Sports & Outdoors
B09P5G9GVX,"Vasque Breeze IV GTX","Women's hiking boots with Vibram Megagrip outsole featuring 4mm lugs, Gore-Tex membrane, and full-grain leather upper with TPU overlays and reinforced toe cap for day hikes.",Sports & Outdoors
B09RQGWDUA,"Keen Durand III Mid GTX","Waterproof hiking boots with Keen.Dry membrane, all-terrain rubber outsole featuring 4.5mm lugs, and breathable mesh upper with TPU overlays and protective toe cap for versatile performance.",Sports & Outdoors
B09NQGDZAC,"Scarpa Kinesis Pro GTX 2","Technical hiking boots with Vibram Megagrip outsole featuring 5mm lugs, Gore-Tex Performance Comfort membrane, and full-grain leather upper with TPU reinforcements for challenging terrain.",Sports & Outdoors
B09P5F9H7X,"Salomon Quest 5 GTX","Premium hiking boots with Contagrip MA outsole featuring 4.5mm lugs, Advanced Chassis technology with rock plate, and Quicklace system with reinforced toe cap for backpacking.",Sports & Outdoors
B09LHXFX5D,"Merrell Moab 4 Mid GTX","Waterproof hiking boots with Vibram TC5+ outsole featuring 5mm lugs, M-Select GRIP technology, and breathable mesh upper with TPU overlays and reinforced toe cap for all-season performance.",Sports & Outdoors
B09NQH1ZKB,"Oboz Sawtooth X Mid GTX 2","Waterproof hiking boots with O FIT insole technology, Granite Peak outsole featuring 4.5mm lugs, and breathable mesh upper with TPU overlays and reinforced toe cap for technical trails.",Sports & Outdoors
B09P5G9GVY,"La Sportiva Spire GTX 3","Waterproof hiking boots with Vibram Megagrip outsole featuring 5mm lugs, Gore-Tex membrane, and durable leather upper with TPU reinforcements for versatile performance.",Sports & Outdoors
B09RQGWDTV,"The Science of Everything","A comprehensive exploration of scientific principles and discoveries that shape our understanding of the universe, from quantum mechanics to astrophysics.",Books
B09RQHZP9V,"The Engineering of Sports Facilities","Comprehensive guide to the design, construction, and maintenance of sports facilities and equipment.",Books
B09RQGWDTR,"The Complete Guide to Web Development","Master modern web development technologies, frameworks, and best practices.",Books
B09RQHZP9W,"Adidas Terrex Free Hiker 3","Technical hiking boots with Continental™ Rubber outsole featuring 4mm lugs for superior grip, Boost midsole with EVA cushioning for energy return, and waterproof GORE-TEX Performance Comfort membrane with reinforced toe cap and heel counter for technical terrain.",Sports & Outdoors
B09NQGDZAA,"Salomon Speedcross 6 GTX","Trail running shoes with Contagrip MA compound outsole featuring 5mm lugs for technical terrain, Quicklace system with toggle lock for secure fit, and protective toe cap with rock plate for impact protection on rocky trails.",Sports & Outdoors
B09P5F9H7V,"Merrell Moab 4 Ventilator","Hiking shoes with Vibram TC5+ rubber outsole with 5mm lugs, M-Select FRESH technology with antimicrobial treatment, and engineered mesh upper with TPU overlays for targeted support and ventilation.",Sports & Outdoors
B09LHXFX5B,"La Sportiva Spire GTX 2","Technical hiking boots featuring Vibram Megagrip outsole with 4.5mm lugs, Gore-Tex Performance Comfort membrane with reinforced toe rand, and full-grain leather upper with TPU overlays for durability and support.",Sports & Outdoors
B09NQH1ZK9,"Oboz Sawtooth X Mid","Hiking boots with O FIT insole technology featuring dual-density EVA, Granite Peak outsole with 4mm lugs, and breathable mesh upper with TPU overlays and reinforced toe cap for technical trails.",Sports & Outdoors
B09P5G9GVW,"Scarpa Zodiac Plus GTX 2","Alpine hiking boots with Vibram Megagrip outsole featuring 5mm lugs, Gore-Tex Performance Comfort membrane, and suede leather upper with TPU reinforcements for technical alpine terrain.",Sports & Outdoors
B09RQGWDTZ,"Vasque St. Elias GTX 2","Premium hiking boots with Vibram Megagrip outsole featuring 4.5mm lugs, Gore-Tex membrane with reinforced toe rand, and full-grain leather upper with TPU overlays for challenging terrain.",Sports & Outdoors
B09RQHZP9Z,"Keen Targhee IV","Waterproof hiking shoes with Keen.Dry membrane, all-terrain rubber outsole with 4mm lugs, and breathable mesh upper with TPU overlays and protective toe cap for versatile performance.",Sports & Outdoors
B09NQGDZAB,"Salomon X Ultra 5 GTX","Technical hiking shoes with Contagrip MA outsole featuring 4.5mm lugs, Advanced Chassis technology with rock plate, and Quicklace system with reinforced toe cap for technical trails.",Sports & Outdoors
B09P5F9H7W,"Merrell Moab 4 Mid Ventilator","Breathable hiking boots with Vibram TC5+ outsole featuring 5mm lugs, M-Select FRESH technology, and engineered mesh upper with TPU overlays and reinforced toe cap for warm weather performance.",Sports & Outdoors
B09LHXFX5C,"La Sportiva Trango TRK GTX 2","Lightweight hiking boots with Vibram Megagrip outsole featuring 4mm lugs, Gore-Tex Performance Comfort membrane, and synthetic upper with TPU reinforcements for fastpacking.",Sports & Outdoors
B09NQH1ZKA,"Oboz Bridger Mid GTX","Waterproof hiking boots with O FIT insole technology, Granite Peak outsole featuring 4.5mm lugs, and breathable mesh upper with TPU overlays and reinforced toe cap for all-season performance.",Sports & Outdoors
B09P5G9GVX,"Vasque Breeze IV GTX","Women's hiking boots with Vibram Megagrip outsole featuring 4mm lugs, Gore-Tex membrane, and full-grain leather upper with TPU overlays and reinforced toe cap for day hikes.",Sports & Outdoors
B09RQGWDUA,"Keen Durand III Mid GTX","Waterproof hiking boots with Keen.Dry membrane, all-terrain rubber outsole featuring 4.5mm lugs, and breathable mesh upper with TPU overlays and protective toe cap for versatile performance.",Sports & Outdoors
B09NQGDZAC,"Scarpa Kinesis Pro GTX 2","Technical hiking boots with Vibram Megagrip outsole featuring 5mm lugs, Gore-Tex Performance Comfort membrane, and full-grain leather upper with TPU reinforcements for challenging terrain.",Sports & Outdoors
B09P5F9H7X,"Salomon Quest 5 GTX","Premium hiking boots with Contagrip MA outsole featuring 4.5mm lugs, Advanced Chassis technology with rock plate, and Quicklace system with reinforced toe cap for backpacking.",Sports & Outdoors
B09LHXFX5D,"Merrell Moab 4 Mid GTX","Waterproof hiking boots with Vibram TC5+ outsole featuring 5mm lugs, M-Select GRIP technology, and breathable mesh upper with TPU overlays and reinforced toe cap for all-season performance.",Sports & Outdoors
B09NQH1ZKB,"Oboz Sawtooth X Mid GTX 2","Waterproof hiking boots with O FIT insole technology, Granite Peak outsole featuring 4.5mm lugs, and breathable mesh upper with TPU overlays and reinforced toe cap for technical trails.",Sports & Outdoors
B09P5G9GVY,"La Sportiva Spire GTX 3","Waterproof hiking boots with Vibram Megagrip outsole featuring 5mm lugs, Gore-Tex membrane, and durable leather upper with TPU reinforcements for versatile performance.",Sports & Outdoors
